Certificate file;Certificate expire on;Certificate expired;
/logs/firmware/squashfs-root/etc/ssl/certs/ca-bundle.crt;1534204740;yes;
/logs/firmware/squashfs-root/etc/ssl/certs/ca-bundle.crt;1609459199;yes;
/logs/firmware/squashfs-root/etc/ssl/certs/ca-bundle.crt;1609459199;yes;
/logs/firmware/squashfs-root/etc/ssl/certs/ca-bundle.crt;1534956111;yes;
/logs/firmware/squashfs-root/etc/ssl/certs/ca-bundle.crt;1848787199;no;
/logs/firmware/squashfs-root/etc/ssl/certs/ca-bundle.crt;1848787199;no;
/logs/firmware/squashfs-root/etc/ssl/certs/ca-bundle.crt;1832673600;no;
/logs/firmware/squashfs-root/etc/ssl/certs/ca-bundle.crt;1639555200;yes;
/logs/firmware/squashfs-root/etc/ssl/certs/ca-bundle.crt;1561501428;yes;
/logs/firmware/squashfs-root/etc/ssl/certs/ca-bundle.crt;1561508394;yes;
/logs/firmware/squashfs-root/etc/ssl/certs/ca-bundle.crt;1561508553;yes;
/logs/firmware/squashfs-root/etc/ssl/certs/ca-bundle.crt;2099865599;no;
/logs/firmware/squashfs-root/etc/ssl/certs/ca-bundle.crt;2099865599;no;
/logs/firmware/squashfs-root/etc/ssl/certs/ca-bundle.crt;1558802380;yes;
/logs/firmware/squashfs-root/etc/ssl/certs/ca-bundle.crt;1879596912;no;
/logs/firmware/squashfs-root/etc/ssl/certs/ca-bundle.crt;1747094340;expires within 2 years;
/logs/firmware/squashfs-root/etc/ssl/certs/ca-bundle.crt;1592712000;yes;
/logs/firmware/squashfs-root/etc/ssl/certs/ca-bundle.crt;1592712000;yes;
/logs/firmware/squashfs-root/etc/ssl/certs/ca-bundle.crt;1590835111;yes;
/logs/firmware/squashfs-root/etc/ssl/certs/ca-bundle.crt;1590835718;yes;
/logs/firmware/squashfs-root/etc/ssl/certs/ca-bundle.crt;1590835310;yes;
/logs/firmware/squashfs-root/etc/ssl/certs/ca-bundle.crt;1590835490;yes;
/logs/firmware/squashfs-root/etc/ssl/certs/ca-bundle.crt;1795812822;no;
/logs/firmware/squashfs-root/etc/ssl/certs/ca-bundle.crt;1771792763;no;
/logs/firmware/squashfs-root/etc/ssl/certs/ca-bundle.crt;1653105600;yes;
/logs/firmware/squashfs-root/etc/ssl/certs/ca-bundle.crt;1551675600;yes;
/logs/firmware/squashfs-root/etc/ssl/certs/ca-bundle.crt;1867294800;no;
/logs/firmware/squashfs-root/etc/ssl/certs/ca-bundle.crt;1867294800;no;
/logs/firmware/squashfs-root/etc/ssl/certs/ca-bundle.crt;2142276180;no;
/logs/firmware/squashfs-root/etc/ssl/certs/ca-bundle.crt;2137846080;no;
/logs/firmware/squashfs-root/etc/ssl/certs/ca-bundle.crt;1656029772;yes;
/logs/firmware/squashfs-root/etc/ssl/certs/ca-bundle.crt;1812710799;no;
/logs/firmware/squashfs-root/etc/ssl/certs/ca-bundle.crt;1861919999;no;
/logs/firmware/squashfs-root/etc/ssl/certs/ca-bundle.crt;1861919999;no;
/logs/firmware/squashfs-root/etc/ssl/certs/ca-bundle.crt;1861919999;no;
/logs/firmware/squashfs-root/etc/ssl/certs/ca-bundle.crt;1616006013;yes;
/logs/firmware/squashfs-root/etc/ssl/certs/ca-bundle.crt;1953311013;no;
/logs/firmware/squashfs-root/etc/ssl/certs/ca-bundle.crt;1953313604;no;
/logs/firmware/squashfs-root/etc/ssl/certs/ca-bundle.crt;1696047649;yes;
/logs/firmware/squashfs-root/etc/ssl/certs/ca-bundle.crt;1617694180;yes;
/logs/firmware/squashfs-root/etc/ssl/certs/ca-bundle.crt;1450257338;yes;
/logs/firmware/squashfs-root/etc/ssl/certs/ca-bundle.crt;1617642197;yes;
/logs/firmware/squashfs-root/etc/ssl/certs/ca-bundle.crt;1561403190;yes;
/logs/firmware/squashfs-root/etc/ssl/certs/ca-bundle.crt;1562696362;yes;
/logs/firmware/squashfs-root/etc/ssl/certs/ca-bundle.crt;2137940024;no;
/logs/firmware/squashfs-root/etc/ssl/certs/ca-bundle.crt;2137940058;no;
/logs/firmware/squashfs-root/etc/ssl/certs/ca-bundle.crt;1550618087;yes;
/logs/firmware/squashfs-root/etc/ssl/certs/ca-bundle.crt;1550671822;yes;
/logs/firmware/squashfs-root/etc/ssl/certs/ca-bundle.crt;1550671691;yes;
/logs/firmware/squashfs-root/etc/ssl/certs/ca-bundle.crt;2051242639;no;
/logs/firmware/squashfs-root/etc/ssl/certs/ca-bundle.crt;2035213580;no;
/logs/firmware/squashfs-root/etc/ssl/certs/ca-bundle.crt;2035215556;no;
/logs/firmware/squashfs-root/etc/ssl/certs/ca-bundle.crt;2105293596;no;
/logs/firmware/squashfs-root/etc/ssl/certs/ca-bundle.crt;1985865813;no;
/logs/firmware/squashfs-root/etc/ssl/certs/ca-bundle.crt;1755554780;expires within 2 years;
/logs/firmware/squashfs-root/etc/ssl/certs/ca-bundle.crt;1952035200;no;
/logs/firmware/squashfs-root/etc/ssl/certs/ca-bundle.crt;1952035200;no;
/logs/firmware/squashfs-root/etc/ssl/certs/ca-bundle.crt;1952035200;no;
/logs/firmware/squashfs-root/etc/ssl/certs/ca-bundle.crt;1562457599;yes;
/logs/firmware/squashfs-root/etc/ssl/certs/ca-bundle.crt;1633010475;yes;
/logs/firmware/squashfs-root/etc/ssl/certs/ca-bundle.crt;1511212798;yes;
/logs/firmware/squashfs-root/etc/ssl/certs/ca-bundle.crt;1427020037;yes;
/logs/firmware/squashfs-root/etc/ssl/certs/ca-bundle.crt;1442398077;yes;
/logs/firmware/squashfs-root/etc/ssl/certs/ca-bundle.crt;2108536235;no;
/logs/firmware/squashfs-root/etc/ssl/certs/ca-bundle.crt;2108536366;no;
/logs/firmware/squashfs-root/etc/ssl/certs/ca-bundle.crt;2099865599;no;
/logs/firmware/squashfs-root/etc/ssl/certs/ca-bundle.crt;2099865599;no;
/logs/firmware/squashfs-root/etc/ssl/certs/ca-bundle.crt;2099865599;no;
/logs/firmware/squashfs-root/etc/ssl/certs/ca-bundle.crt;1893440455;no;
/logs/firmware/squashfs-root/etc/ssl/certs/ca-bundle.crt;1893441126;no;
/logs/firmware/squashfs-root/etc/ssl/certs/ca-bundle.crt;1893455999;no;
/logs/firmware/squashfs-root/etc/ssl/certs/ca-bundle.crt;1893455999;no;
/logs/firmware/squashfs-root/etc/ssl/certs/ca-bundle.crt;1670976474;yes;
/logs/firmware/squashfs-root/etc/ssl/certs/ca-bundle.crt;2147471999;no;
/logs/firmware/squashfs-root/etc/ssl/certs/ca-bundle.crt;1602944962;yes;
/logs/firmware/squashfs-root/etc/ssl/certs/ca-bundle.crt;2127867152;no;
/logs/firmware/squashfs-root/etc/ssl/certs/ca-bundle.crt;2144160591;no;
/logs/firmware/squashfs-root/etc/ssl/certs/ca-bundle.crt;1491481724;yes;
/logs/firmware/squashfs-root/etc/ssl/certs/ca-bundle.crt;1814281985;no;
/logs/firmware/squashfs-root/etc/ssl/certs/ca-bundle.crt;1901396522;no;
/logs/firmware/squashfs-root/etc/ssl/certs/ca-bundle.crt;1767221999;expires within 2 years;
/logs/firmware/squashfs-root/etc/ssl/certs/ca-bundle.crt;1767221999;expires within 2 years;
/logs/firmware/squashfs-root/etc/ssl/certs/ca-bundle.crt;1767221999;expires within 2 years;
/logs/firmware/squashfs-root/etc/ssl/certs/ca-bundle.crt;1562716740;yes;
/logs/firmware/squashfs-root/etc/ssl/certs/ca-bundle.crt;1868367896;no;
/logs/firmware/squashfs-root/etc/ssl/certs/ca-bundle.crt;1639555200;yes;
/logs/firmware/squashfs-root/etc/ssl/certs/ca-bundle.crt;2050194687;no;
/logs/firmware/squashfs-root/etc/ssl/certs/ca-bundle.crt;1503315427;yes;
/logs/firmware/squashfs-root/etc/ssl/certs/ca-bundle.crt;1476354309;yes;
/logs/firmware/squashfs-root/etc/ssl/certs/ca-bundle.crt;1431180783;yes;
/logs/firmware/squashfs-root/etc/ssl/certs/ca-bundle.crt;1471134669;yes;
/logs/firmware/squashfs-root/etc/ssl/certs/ca-bundle.crt;1940952004;no;
/logs/firmware/squashfs-root/etc/ssl/certs/ca-bundle.crt;1807859354;no;
/logs/firmware/squashfs-root/etc/ssl/certs/ca-bundle.crt;1513090800;yes;
/logs/firmware/squashfs-root/etc/ssl/certs/ca-bundle.crt;2143324799;no;
/logs/firmware/squashfs-root/etc/ssl/certs/ca-bundle.crt;2147471999;no;
/logs/firmware/squashfs-root/etc/ssl/certs/ca-bundle.crt;2143324799;no;
/logs/firmware/squashfs-root/etc/ssl/certs/ca-bundle.crt;2147471999;no;
/logs/firmware/squashfs-root/etc/ssl/certs/ca-bundle.crt;2143324799;no;
/logs/firmware/squashfs-root/etc/ssl/certs/ca-bundle.crt;2147471999;no;
/logs/firmware/squashfs-root/etc/ssl/certs/ca-bundle.crt;1859728101;no;
/logs/firmware/squashfs-root/etc/ssl/certs/ca-bundle.crt;1585134190;yes;
/logs/firmware/squashfs-root/etc/ssl/certs/ca-bundle.crt;1458610774;yes;
/logs/firmware/squashfs-root/etc/ssl/certs/ca-bundle.crt;1472221381;yes;
/logs/firmware/squashfs-root/etc/ssl/certs/ca-bundle.crt;1684126349;yes;
/logs/firmware/squashfs-root/etc/ssl/certs/ca-bundle.crt;1870318607;no;
/logs/firmware/squashfs-root/etc/ssl/certs/ca-bundle.crt;1839255862;no;
/logs/firmware/squashfs-root/etc/ssl/certs/ca-bundle.crt;1848873599;no;
/logs/firmware/squashfs-root/etc/ssl/certs/ca-bundle.crt;1893324618;no;
/logs/firmware/squashfs-root/etc/ssl/certs/ca-bundle.crt;1483529568;yes;
/logs/firmware/squashfs-root/etc/ssl/certs/ca-bundle.crt;1868522400;no;
/logs/firmware/squashfs-root/etc/ssl/certs/ca-bundle.crt;1924936695;no;
/logs/firmware/squashfs-root/etc/ssl/certs/ca-bundle.crt;2144305645;no;
/logs/firmware/squashfs-root/etc/ssl/certs/ca-bundle.crt;2164192190;no;
/logs/firmware/squashfs-root/etc/ssl/certs/ca-bundle.crt;2164192300;no;
/logs/firmware/squashfs-root/etc/ssl/certs/ca-bundle.crt;2145916799;no;
/logs/firmware/squashfs-root/etc/ssl/certs/ca-bundle.crt;2145916799;no;
/logs/firmware/squashfs-root/etc/ssl/certs/ca-bundle.crt;2145916799;no;
/logs/firmware/squashfs-root/etc/ssl/certs/ca-bundle.crt;1924956366;no;
/logs/firmware/squashfs-root/etc/ssl/certs/ca-bundle.crt;1924956504;no;
/logs/firmware/squashfs-root/etc/ssl/certs/ca-bundle.crt;2240575836;no;
/logs/firmware/squashfs-root/etc/ssl/certs/ca-bundle.crt;2240576424;no;
/logs/firmware/squashfs-root/etc/ssl/certs/ca-bundle.crt;1893413257;no;
/logs/firmware/squashfs-root/etc/ssl/certs/ca-bundle.crt;1852792139;no;
/logs/firmware/squashfs-root/etc/ssl/certs/ca-bundle.crt;1625152967;yes;
/logs/firmware/squashfs-root/etc/ssl/certs/ca-bundle.crt;1439848800;yes;
/logs/firmware/squashfs-root/etc/ssl/certs/ca-bundle.crt;1924963199;no;
/logs/firmware/squashfs-root/etc/ssl/certs/ca-bundle.crt;1874725239;no;
/logs/firmware/squashfs-root/etc/ssl/certs/ca-bundle.crt;1925593199;no;
/logs/firmware/squashfs-root/etc/ssl/certs/ca-bundle.crt;1953899392;no;
/logs/firmware/squashfs-root/etc/ssl/certs/ca-bundle.crt;1916306522;no;
/logs/firmware/squashfs-root/etc/ssl/certs/ca-bundle.crt;1705837014;expires within 2 years;
/logs/firmware/squashfs-root/etc/ssl/certs/ca-bundle.crt;2105293596;no;
/logs/firmware/squashfs-root/etc/ssl/certs/ca-bundle.crt;2208988741;no;
/logs/firmware/squashfs-root/etc/ssl/certs/ca-bundle.crt;2234853483;no;
/logs/firmware/squashfs-root/etc/ssl/certs/ca-bundle.crt;2234852938;no;
/logs/firmware/squashfs-root/etc/ssl/certs/ca-bundle.crt;2011823999;no;
/logs/firmware/squashfs-root/etc/ssl/certs/ca-bundle.crt;1923782399;no;
/logs/firmware/squashfs-root/etc/ssl/certs/ca-bundle.crt;1513967839;yes;
/logs/firmware/squashfs-root/etc/ssl/certs/ca-bundle.crt;1888562158;no;
/logs/firmware/squashfs-root/etc/ssl/certs/ca-bundle.crt;1888563046;no;
/logs/firmware/squashfs-root/etc/ssl/certs/ca-bundle.crt;1608940799;yes;
/logs/firmware/squashfs-root/etc/ssl/certs/ca-bundle.crt;1914390685;no;
/logs/firmware/squashfs-root/etc/ssl/certs/ca-bundle.crt;1940139494;no;
/logs/firmware/squashfs-root/etc/ssl/certs/ca-bundle.crt;1940143508;no;
/logs/firmware/squashfs-root/etc/ssl/certs/ca-bundle.crt;2289373616;no;
/logs/firmware/squashfs-root/etc/ssl/certs/ca-bundle.crt;2289374130;no;
/logs/firmware/squashfs-root/etc/ssl/certs/ca-bundle.crt;1924940257;no;
/logs/firmware/squashfs-root/etc/ssl/certs/ca-bundle.crt;1924963199;no;
/logs/firmware/squashfs-root/etc/ssl/certs/ca-bundle.crt;1981713650;no;
/logs/firmware/squashfs-root/etc/ssl/certs/ca-bundle.crt;1677845388;yes;
/logs/firmware/squashfs-root/etc/ssl/certs/ca-bundle.crt;2011823999;no;
/logs/firmware/squashfs-root/etc/ssl/certs/ca-bundle.crt;1924991999;no;
/logs/firmware/squashfs-root/etc/stunnel/stunnel.pem;2019282137;no;
